.~lock.earn_aug_12_volume_traded.xls#,2024-08-12 15:58:12.549996
0last_edited.csv,2024-08-12 18:55:01.537162
0sorted.html,2024-08-12 13:11:43.741548
0tes7.csv,2024-05-10 14:30:46.262207
0tes7.xls,2024-05-10 14:30:46.263206
0test.json,2024-08-08 17:50:40.273664
0text.xls,2024-05-10 14:30:46.264207
2020.html,2024-05-15 18:29:42.859487
about_us.txt,2024-05-10 14:30:46.265207
adjust.html,2024-05-16 17:29:02.792676
adjustable.html,2024-05-16 17:23:14.683379
adv.py,2024-05-10 14:30:46.266207
adv.txt,2024-05-10 14:30:46.267207
aero1.txt,2024-05-10 14:30:46.268207
air-harmonica.txt,2024-05-10 14:30:46.269207
air.txt,2024-05-10 14:30:46.270207
air2.txt,2024-05-10 14:30:46.271207
ajax - Copy.html,2024-05-10 14:30:46.272207
ajax-backup.html,2024-05-10 14:30:46.273207
ajax.html,2024-05-10 14:30:46.274207
ajax2.html,2024-05-10 14:30:46.275207
ajax3.html,2024-05-10 14:30:46.276207
ajax_test.html,2024-05-10 14:30:46.277207
alp.txt,2024-05-10 14:30:46.278207
alp2.txt,2024-05-10 14:30:46.280207
ama.py,2024-05-10 14:30:46.280207
amazon.py,2024-05-10 14:30:46.281208
america-harmonica.txt,2024-05-10 14:30:46.282207
america.txt,2024-05-10 14:30:46.283208
amp.py,2024-05-10 14:30:46.284208
amp2.py,2024-05-10 14:30:46.285208
amt.py,2024-05-10 14:30:46.286208
anywhere.html,2024-08-12 14:57:34.610017
app.py,2024-05-10 14:30:46.287208
app2.py,2024-05-10 14:30:46.288208
armstrong1.txt,2024-05-10 14:30:46.289208
art.html,2024-05-10 14:30:46.290208
atl_username.png,2024-05-10 14:30:46.291208
aud.py,2024-05-10 14:30:46.293208
aud2 - Copy.py,2024-05-10 14:30:46.293208
aud2.py,2024-05-10 14:30:46.293208
aut3.html,2024-05-10 14:30:46.294208
bach1.txt,2024-05-10 14:30:46.295208
bea_client.py,2024-05-10 14:30:46.296208
bea_client2.py,2024-05-10 14:30:46.297209
bea_client3.py,2024-05-10 14:30:46.299209
beg.py,2024-05-10 14:30:46.300209
bls.py,2024-05-10 14:30:46.301209
blue_tooth.py,2024-05-10 14:30:46.301209
boot.py,2024-05-10 14:30:46.302209
boot_compiled.cpython-37.pyc,2024-05-10 14:30:46.303209
boot_compiled.py,2024-05-10 14:30:46.304209
browser.py,2024-05-10 14:30:46.305209
browser.txt,2024-05-10 14:30:46.306209
button.py,2024-05-10 14:30:46.307209
buy.py,2024-05-10 14:30:46.310209
calendar.png,2024-05-10 14:30:46.311209
cap.py,2024-05-10 14:30:46.312209
chrome.lnk,2024-05-10 14:30:46.312209
chrome_delete_files.py,2024-05-10 14:30:46.313209
cia.html,2024-05-10 14:30:46.315209
client - Copy (2).html,2024-05-10 14:30:46.315209
client - Copy.html,2024-05-10 14:30:46.317209
client.html,2024-05-10 14:30:46.318210
client.js,2024-05-10 14:30:46.319210
client2.html,2024-05-10 14:30:46.320210
client2.js,2024-05-10 14:30:46.321210
client55.js,2024-05-10 14:30:46.322210
close.png,2024-05-20 15:24:28.323266
close2.png,2024-05-20 15:26:02.298996
code.html,2024-05-10 14:30:46.323210
compare.py,2024-05-10 14:30:46.324210
compile.py,2024-06-20 18:18:41.066047
compile2.py,2024-05-10 14:30:46.325210
compile3.py,2024-05-10 14:30:46.327210
conemu.lnk,2024-05-10 14:30:46.328210
conemu_start.py,2024-06-20 18:31:33.053458
conemu_start.py_compiled.cpython-37.pyc,2024-06-20 18:31:40.805433
conemu_start.py_compiled.py,2024-06-20 18:31:40.645289
conemu_start_compiled.py,2024-05-10 14:30:46.332211
continue.png,2024-05-10 14:30:46.332211
conv.py,2024-05-10 14:30:46.333210
convert_mp3_2.py,2024-05-10 14:30:46.334211
convert_mp3_3.py,2024-05-10 14:30:46.335211
convert_mp4.py,2024-05-10 14:30:46.336211
convert_to_mp3.py,2024-05-10 14:30:46.337211
convert_video.py,2024-05-10 14:30:46.339211
copy_paste.txt,2024-05-10 14:30:46.340211
corrupt.html,2024-05-10 14:30:46.341211
cou.py,2024-05-10 14:30:46.342211
count.txt,2024-05-10 14:30:46.343211
cra.py,2024-05-10 14:30:46.344211
cra.txt,2024-05-10 14:30:46.344211
craig.py,2024-05-10 14:30:46.345211
cral.py,2024-05-10 14:30:46.347211
crc.py,2024-05-10 14:30:46.348211
crc.txt,2024-05-10 14:30:46.349211
cre - Copy.py,2024-05-10 14:30:46.350211
cre.js,2024-05-10 14:30:46.352212
cre.py,2024-05-10 14:30:46.353212
cre.txt,2024-05-10 14:30:46.354212
cre2.py,2024-05-10 14:30:46.355212
cre2.txt,2024-05-10 14:30:46.359212
create.py,2024-05-10 14:30:46.361212
crj.py,2024-05-10 14:30:46.362212
crj.txt,2024-05-10 14:30:46.363212
cro-old.py,2024-05-10 14:30:46.365212
cro.py,2024-05-10 14:30:46.365212
cro.txt,2024-05-10 14:30:46.366212
cro2.py,2024-05-10 14:30:46.367213
cro2.txt,2024-05-10 14:30:46.368212
croxy.py,2024-05-31 10:15:03.670326
c_plus.py,2024-05-10 14:30:46.368212
dash - Copy.py,2024-05-10 14:30:46.369213
data.py,2024-08-08 13:20:03.060538
db.js,2024-05-10 14:30:46.370213
db_create.py,2024-05-10 19:00:08.512041
db_read.py,2024-05-10 19:00:58.568904
delete.py,2024-05-10 14:30:46.371213
deploy.html,2024-05-10 14:30:46.372213
der-old.py,2024-05-10 14:30:46.373213
der.py,2024-05-10 14:30:46.374213
der.txt,2024-05-10 14:30:46.375213
der2.py,2024-05-10 14:30:46.376213
der2.txt,2024-05-10 14:30:46.376213
der4.py,2024-05-10 14:30:46.377213
derh.py,2024-05-10 14:30:46.378213
derh.txt,2024-05-10 14:30:46.380213
deriv.html,2024-05-10 14:30:46.381213
deriv.py,2024-05-10 14:30:46.382213
deriv2 - Copy (2).py,2024-05-10 14:30:46.383213
deriv2 - Copy.py,2024-05-10 14:30:46.384213
deriv2.py,2024-05-10 14:30:46.385214
deriv3.py,2024-05-10 14:30:46.386214
deriv4.py,2024-05-10 14:30:46.386214
der_his.py,2024-05-10 14:30:46.387214
der_his2.py,2024-05-10 14:30:46.388214
dev.py,2024-05-10 14:30:46.389214
direct.html,2024-05-10 14:30:46.390214
dja.py,2024-05-10 14:30:46.391214
dja1.py,2024-05-10 14:30:46.392214
dja1.pyc,2024-05-10 14:30:46.393214
dja1.py_compiled.py,2024-05-10 14:30:46.394214
dja2.py,2024-05-10 14:30:46.395214
dja2.pyc,2024-05-10 14:30:46.396214
dja2.py_compiled.py,2024-05-10 14:30:46.397214
django_new.txt,2024-05-10 14:30:46.398214
dja_code.py,2024-05-10 14:30:46.399214
dja_main.py,2024-05-10 14:30:46.400214
dja_new.py,2024-05-10 14:30:46.401214
dja_new2.py,2024-05-10 14:30:46.402215
dja_new_url.py,2024-05-10 14:30:46.403215
dja_part_1.py,2024-05-10 14:30:46.404215
dja_part_1_compiled.py,2024-05-10 14:30:46.405215
dja_part_2.py,2024-05-10 14:30:46.406215
dja_part_2_compiled.py,2024-05-10 14:30:46.407215
dja_url.py,2024-05-10 14:30:46.408215
dri.py,2024-05-10 14:30:46.409215
dri2.py,2024-05-10 14:30:46.410215
eac.py,2024-05-10 14:30:46.412215
eah.py,2024-05-10 14:30:46.413215
ear-dis.html,2024-05-10 14:30:46.414215
ear-mai.html,2024-05-10 14:30:46.415215
ear.py,2024-05-10 14:30:46.416215
ear22.py,2024-05-10 14:30:46.417215
ear6.py,2024-05-10 14:30:46.417215
earn,2024-08-12 15:57:46.767728
earn - Copy.html,2024-05-10 14:30:46.418216
earn.html,2024-08-11 18:08:49.772133
earn.js,2024-05-10 14:30:46.419215
earn.py,2024-05-10 14:30:46.420216
earn2 - Copy.html,2024-05-10 14:30:46.422216
earn2-backup.py,2024-05-10 14:30:46.421216
earn2.py,2024-05-10 14:30:46.423216
earn3 - Copy.html,2024-05-10 14:30:46.424216
earn4 - Copy.html,2024-05-10 14:30:46.425216
earn_500.xls,2024-08-08 19:02:54.551255
earn_500_final.xls,2024-08-12 12:52:31.429683
earn_500_volume_traded.xls,2024-08-11 20:06:17.271593
earn_aug_12.html,2024-08-12 15:51:28.862695
earn_aug_12.txt,2024-08-10 17:49:48.894646
earn_aug_12.xls,2024-08-12 15:55:58.815310
earn_aug_12_final.html,2024-08-12 15:58:20.455130
earn_aug_12_final.xls,2024-08-12 15:58:27.486473
earn_aug_12_volume_traded.xls,2024-08-12 15:58:11.753278
earn_aug_19.txt,2024-08-11 09:09:11.986950
earn_aug_19.xls,2024-08-11 09:09:32.639462
earn_aug_26.txt,2024-08-11 11:26:59.865915
earn_aug_26.xls,2024-08-11 16:07:11.609243
earn_aug_26_final.xls,2024-08-11 16:07:21.357964
earn_aug_26_volume_traded.xls,2024-08-11 16:07:16.335464
earn_exp2.js,2024-08-12 19:06:02.780236
earn_express.js,2024-08-12 18:38:13.682572
earn_final.xls,2024-08-11 11:57:09.363869
earn_flask.py,2024-08-11 20:23:14.623014
earn_html.html,2024-08-11 20:28:16.098569
earn_new.py,2024-08-12 15:55:55.750543
earn_stocks.xls,2024-08-08 19:02:54.551255
earn_volume_traded.xls,2024-08-11 16:05:06.390986
eba.py,2024-05-10 14:30:46.426216
ebal.py,2024-05-10 14:30:46.427216
ebay.py,2024-05-10 14:30:46.427216
edge.py,2024-05-10 14:30:46.428216
edge_compiled.py,2024-05-10 14:30:46.430216
edi2.py,2024-05-10 14:30:46.431216
edi2.txt,2024-05-10 14:30:46.432216
ekn.txt,2024-05-10 14:30:46.433216
election.html,2024-05-10 14:30:46.434216
election2.html,2024-05-10 14:30:46.435216
election20.html,2024-06-12 16:12:29.283335
election3.html,2024-06-07 16:33:11.195209
election4.html,2024-06-10 17:27:05.284177
election5.html,2024-06-13 15:21:17.615002
election6.html,2024-06-12 14:48:34.377980
email.html,2024-05-10 14:30:46.436216
EodHistoricalData.py,2024-05-10 14:30:46.436216
erika.txt,2024-05-10 14:30:46.437217
euler1.py,2024-05-10 14:30:46.438217
euler2.py,2024-05-10 14:30:46.439217
euler5.py,2024-05-10 14:30:46.440217
euler6.py,2024-05-10 14:30:46.441217
example.db,2024-05-10 18:59:42.251539
exp.js,2024-05-10 14:30:46.442217
exp2.js,2024-05-10 14:30:46.443217
exp3.js,2024-05-10 14:30:46.443217
exp4.js,2024-05-10 14:30:46.444217
face.py,2024-05-10 14:30:46.445217
fet.html,2024-05-10 14:30:46.446217
fet.js,2024-05-10 14:30:46.447217
fet2.js,2024-05-10 14:30:46.448217
fet3.js,2024-05-10 14:30:46.449217
fetch.html,2024-05-10 14:30:46.450217
fetch.js,2024-05-10 14:30:46.451217
fetch2.html,2024-05-10 14:30:46.452217
finnhub.py,2024-05-10 14:30:46.453218
finnhub2.py,2024-05-10 14:30:46.454217
firefox.lnk,2024-05-10 14:30:46.455218
fix.py,2024-05-10 14:30:46.456218
fix2.py,2024-05-10 14:30:46.456218
fla.py,2024-05-10 14:30:46.457218
fla2.py,2024-05-10 14:30:46.458218
fla3.py,2024-05-10 14:30:46.459218
flas.py,2024-05-10 14:30:46.460218
flask.html,2024-05-10 14:30:46.461218
flask_gen.py,2024-05-13 17:10:06.195853
flask_gen.txt,2024-05-13 17:02:40.220889
flask_new.py,2024-08-08 12:56:39.633574
fla_test.py,2024-05-13 16:41:34.957693
fli.py,2024-05-10 14:30:46.461218
fli2.py,2024-05-10 14:30:46.463218
flights-city codes.py,2024-05-10 14:30:46.464218
flight_codes.py,2024-05-10 14:30:46.465218
flight_codes2.py,2024-05-10 14:30:46.466218
flin.py,2024-05-10 14:30:46.467218
flis.py,2024-05-10 14:30:46.468218
flm.py,2024-05-10 14:30:46.469218
fln.py,2024-05-10 14:30:46.470218
fln2.py,2024-05-10 14:30:46.471218
fln_codes_do_not_delete - Copy.py,2024-05-10 14:30:46.472219
fln_codes_do_not_delete.py,2024-05-10 14:30:46.473219
frame.py,2024-05-28 15:46:48.945153
frame2.py,2024-05-10 14:30:46.475219
frame3.py,2024-05-28 16:40:52.069935
frank1.txt,2024-05-10 14:30:46.476219
fred,2024-08-02 18:53:11.773797
fred.txt,2024-08-02 18:53:15.874494
free.py,2024-05-10 14:30:46.476219
fur_elise.txt,2024-05-10 14:30:46.477219
gen_emails.txt,2024-05-10 14:30:46.478219
gen_gui.py,2024-05-10 14:30:46.480219
gen_text.py,2024-05-10 14:30:46.481219
get.html,2024-05-10 14:30:46.482219
get.js,2024-05-10 14:30:46.483219
get.py,2024-05-10 14:30:46.484219
get2.html,2024-05-10 14:30:46.485219
get2.js,2024-05-10 14:30:46.486219
get3.html,2024-05-10 14:30:46.486219
get3.js,2024-05-10 14:30:46.487219
get4.js,2024-05-10 14:30:46.488219
github_token.txt,2024-07-26 19:54:18.947495
git_commit.js,2024-05-10 14:30:46.490220
git_commit.py,2024-05-10 14:30:46.491220
git_commit2.py,2024-05-10 14:30:46.493220
git_delete.py,2024-05-10 14:30:46.494220
god_save-harmonica.txt,2024-05-10 14:30:46.494220
god_save.txt,2024-05-10 14:30:46.495220
google.html,2024-05-10 14:30:46.496220
google.py,2024-05-10 14:30:46.498220
grape.html,2024-05-10 14:30:46.499220
grape2.html,2024-05-10 14:30:46.500220
grape20.html,2024-06-11 17:56:34.430851
grape3.html,2024-05-10 14:30:46.501220
grapes.html,2024-05-13 17:19:33.132741
grapes2.html,2024-05-13 17:26:03.618652
grapes3.html,2024-05-13 17:32:47.431593
grapes4.html,2024-05-13 17:34:05.897288
grapes5.html,2024-05-13 17:35:03.880543
grapes6.html,2024-05-14 14:34:49.981717
grapes7.html,2024-05-14 14:36:01.851544
gui.js,2024-05-10 14:30:46.502220
gui.py,2024-05-10 14:30:46.503220
gui2.py,2024-05-10 14:30:46.504220
har.py,2024-05-10 14:30:46.505220
har.txt,2024-05-10 14:30:46.505220
har2.2.txt,2024-05-10 14:30:46.506220
har2.py,2024-05-10 14:30:46.507221
har2.txt,2024-05-10 14:30:46.508221
har_old.py,2024-05-10 14:30:46.508221
heaven-harmonica.txt,2024-05-10 14:30:46.509221
heaven.txt,2024-05-10 14:30:46.511221
history.py,2024-05-10 14:30:46.512221
history2.py,2024-05-10 14:30:46.513221
history3.py,2024-05-10 14:30:46.514221
history4.py,2024-05-10 14:30:46.515221
host - Copy.js,2024-05-10 14:30:46.516221
host.js,2024-05-10 14:30:46.517221
host.py,2024-05-10 14:30:46.518221
host2.js,2024-05-10 14:30:46.519221
host2.py,2024-05-10 14:30:46.520221
host3 - Copy.py,2024-05-10 14:30:46.521221
host3.html,2024-05-10 14:30:46.522221
host3.py,2024-05-10 14:30:46.523221
host4.js,2024-05-10 14:30:46.524221
host4.py,2024-05-10 14:30:46.525222
host5.py,2024-05-10 14:30:46.525222
html.html,2024-05-10 14:30:46.526222
html2.html,2024-07-19 19:41:32.429409
html_shop.html,2024-07-19 19:49:37.208298
html_to_open.html,2024-08-12 18:16:38.616284
identify_functions.py,2024-05-10 14:30:46.527222
iex.py,2024-05-10 14:30:46.528222
iframe_outline.html,2024-05-10 14:30:46.529222
iframe_url_logo.png,2024-05-20 15:21:16.415239
ima.html,2024-05-16 17:40:02.925797
index - Copy (2).html,2024-05-10 14:30:46.532222
index - Copy - Copy.html,2024-05-10 14:30:46.530222
index - Copy.html,2024-05-10 14:30:46.530222
index.html,2024-08-08 13:01:09.123661
index2 - Copy.html,2024-05-10 14:30:46.533222
install_modules.js,2024-05-10 14:30:46.534222
install_modules.py,2024-05-10 14:30:46.535222
install_modules_compiled.cpython--37.pyc,2024-05-10 14:30:46.536222
intrinio.py,2024-05-10 14:30:46.537222
intrinio2.py,2024-05-10 14:30:46.538222
jav.js,2024-05-10 14:30:46.539222
jav.py,2024-05-10 14:30:46.540222
jav.txt,2024-05-10 14:30:46.541222
jav2.js,2024-05-10 14:30:46.542222
jav2.py,2024-05-10 14:30:46.543223
jav3.js,2024-05-10 14:30:46.544223
jav3.py,2024-05-10 14:30:46.545223
jav4.js,2024-05-10 14:30:46.545223
jav4.py,2024-05-10 14:30:46.546223
jesus.txt,2024-05-10 14:30:46.547223
js.py,2024-05-10 14:30:46.548223
js.txt,2024-05-10 14:30:46.549223
js1.js,2024-05-10 14:30:46.550223
js1.py,2024-05-10 14:30:46.551223
js2.js,2024-05-10 14:30:46.552223
js2.py,2024-05-10 14:30:46.553223
js2.txt,2024-05-10 14:30:46.554223
jso.py,2024-05-10 14:30:46.555223
json.js,2024-05-10 14:30:46.556223
json2.js,2024-05-10 14:30:46.557223
js_modules.py,2024-05-10 14:30:46.557223
libraries.js,2024-08-12 18:43:06.263197
libraries.py,2024-08-08 16:28:04.706908
lloyd_moss.py,2024-05-10 14:30:46.558223
load.html,2024-05-10 14:30:46.559223
loc.html,2024-05-10 14:30:46.560224
loc2.html,2024-05-10 14:30:46.561224
local.py,2024-05-10 14:30:46.562224
local.txt,2024-05-10 14:30:46.564224
local2.py,2024-05-10 14:30:46.565224
log.py,2024-05-10 14:30:46.566224
login.html,2024-05-10 14:30:46.567224
logo.png,2024-05-10 14:30:46.568224
logo_earn.png,2024-05-10 14:30:46.570224
main.js,2024-05-10 14:30:46.572224
main.py,2024-05-10 14:30:46.573224
map3.py,2024-05-10 14:30:46.574224
maria.py,2024-05-10 14:30:46.575224
mario.txt,2024-05-10 14:30:46.576224
mario2.txt,2024-05-10 14:30:46.577224
matplot.py,2024-05-10 14:30:46.578225
matplot2.py,2024-05-10 14:30:46.579225
measure_wifi.py,2024-05-10 14:30:46.581225
media.html,2024-05-10 14:30:46.582225
memory.py,2024-05-10 14:30:46.584225
move.html,2024-05-16 18:03:41.148196
move2.html,2024-05-16 18:05:18.912197
move3.html,2024-05-16 18:07:52.020078
move4.html,2024-05-16 18:09:38.676987
movie.py,2024-07-03 16:03:00.780851
mozilla_delete.py,2024-05-10 14:30:46.585225
mp3.html,2024-05-10 14:30:46.586225
mp3.py,2024-05-10 14:30:46.586225
mp3_converter.py,2024-05-10 14:30:46.587225
mp4_mp3.py,2024-05-28 16:25:41.710366
mp4_mp3_2.py,2024-05-28 16:31:10.854341
mus.py,2024-05-10 14:30:46.588225
mus2.py,2024-05-10 14:30:46.589225
mus3.py,2024-05-10 14:30:46.590225
mus5.py,2024-05-10 14:30:46.591225
music.py,2024-05-10 14:30:46.592225
music2.py,2024-05-10 14:30:46.593225
mysql.py,2024-05-10 14:30:46.594225
nasdaq.py,2024-05-10 14:30:46.595226
nav - backup - Copy.py,2024-05-10 14:30:46.595226
nav - backup.py,2024-05-10 14:30:46.597226
nav-old.py,2024-05-10 14:30:46.598226
nav.html,2024-05-10 14:30:46.599226
nav.py,2024-05-10 14:30:46.600226
nav2.py,2024-05-10 14:30:46.601226
ne7.py,2024-05-10 14:30:46.603226
ne72.py,2024-05-10 14:30:46.603226
nest.js,2024-05-10 14:30:46.604226
net.py,2024-05-10 14:30:46.605226
new.py,2024-05-10 14:30:46.606226
news.html,2024-05-10 14:30:46.607226
news.py,2024-06-19 11:18:24.505357
new_files.py,2024-05-10 14:30:46.607226
new_html - Copy.html,2024-05-10 14:30:46.608226
new_html.html,2024-05-13 17:24:52.780882
new_message.png,2024-05-10 14:30:46.611226
new_message2.png,2024-05-10 14:30:46.613227
new_message3.png,2024-05-10 14:30:46.614227
new_message4-win8.1.png,2024-05-10 14:30:46.615227
new_message4.png,2024-05-20 17:47:55.003216
new_message5-win8.1.png,2024-05-20 13:42:50.988793
next_week.png,2024-05-10 14:30:46.617227
node.html,2024-05-10 14:30:46.618227
nodejs.html,2024-05-10 14:30:46.619227
num.html,2024-05-10 14:30:46.621227
number_of_times_queried.txt,2024-05-10 14:30:46.622227
odetojoy2.txt,2024-05-10 14:30:46.623227
ode_to_joy.txt,2024-05-10 14:30:46.624227
opa.py,2024-05-10 14:30:46.625227
opa.txt,2024-05-10 14:30:46.625227
open.html,2024-05-10 18:18:53.534966
open.py,2024-08-11 17:54:43.353737
open.py_compiled.cpython-37.pyc,2024-05-10 14:30:46.628227
open2.1.html,2024-06-05 12:16:01.559622
open2.2.html,2024-06-05 12:16:01.560623
open2.html,2024-05-19 06:35:47.468609
open2.py,2024-05-21 09:20:20.102110
open20.html,2024-05-10 18:19:02.096455
open3.html,2024-05-10 14:30:46.633228
open3.py,2024-06-05 12:15:16.451080
open4.html,2024-05-10 14:30:46.635228
open4.py,2024-05-10 18:17:40.280776
open5.py,2024-05-10 18:18:26.240404
open_browser.py,2024-05-10 14:30:46.636228
open_button.txt,2024-05-10 14:30:46.637228
open_chrome.py,2024-07-01 10:17:16.019142
open_firefox.py,2024-07-26 18:35:57.078716
open_operations.py,2024-08-05 13:54:00.905366
order.py,2024-05-10 14:30:46.638228
out.py,2024-05-10 14:30:46.639228
page.html,2024-05-20 14:46:44.424096
page2.html,2024-05-20 17:22:24.014845
page20.html,2024-06-07 16:05:03.134277
page21.html,2024-06-10 14:33:29.941463
page3.html,2024-05-21 06:40:35.569261
page30.html,2024-06-10 18:19:12.223491
page4.html,2024-05-24 15:08:17.702819
page40.html,2024-06-10 19:15:52.328087
page5.html,2024-06-07 15:11:09.887480
page6.html,2024-06-07 15:39:13.376343
paperclip.png,2024-05-10 14:30:46.640228
paperclip3.png,2024-05-10 14:30:46.642228
paperclip4-win8.1.png,2024-05-10 14:30:46.643228
paperclip4.png,2024-05-10 14:30:46.644228
pdf.py,2024-05-10 14:30:46.645228
pdf2.txt,2024-05-10 14:30:46.646229
phone.py,2024-05-10 14:30:46.647228
piano-harmonica.txt,2024-05-10 14:30:46.648229
piano.txt,2024-05-10 14:30:46.649229
play.py,2024-05-10 14:30:46.650229
pod_paradise.py,2024-05-10 14:30:46.651229
polygon.txt,2024-05-10 14:30:46.653229
post.html,2024-05-10 14:30:46.654229
post.js,2024-05-10 14:30:46.655229
post.py,2024-08-08 13:06:16.212663
post2 - Copy (2).py,2024-08-08 13:42:21.456775
post2 - Copy.py,2024-08-08 13:42:21.456775
post2.html,2024-08-08 14:37:06.563011
post_test.py,2024-08-08 13:02:10.250895
post_test2.py,2024-08-08 12:59:45.282034
power.py,2024-05-10 14:30:46.655229
privado.txt,2024-06-30 14:18:32.459749
proton.py,2024-05-10 14:30:46.656229
pur.py,2024-05-10 14:30:46.657229
pyt.js,2024-05-10 14:30:46.658229
ram.py,2024-05-10 14:30:46.659229
rapid_api.py,2024-05-10 14:30:46.660229
rapid_api2.py,2024-05-10 14:30:46.661229
red-old.py,2024-05-10 14:30:46.662229
red-old.txt,2024-05-10 14:30:46.663229
red-old2.py,2024-05-10 14:30:46.664229
red.py,2024-05-10 14:30:46.665230
red1.txt,2024-05-10 14:30:46.666229
red2.txt,2024-05-10 14:30:46.667230
reddit.py,2024-06-07 09:17:21.614019
reddit2.py,2024-06-12 19:21:25.077021
reddit_comment.txt,2024-05-10 14:30:46.669230
red_post.py,2024-05-10 14:30:46.670230
rename.py,2024-05-10 14:30:46.672230
repa.py,2024-05-10 14:30:46.673230
replace.py,2024-05-10 14:30:46.674230
replit.js,2024-05-10 14:30:46.675230
replit.py,2024-05-10 14:30:46.675230
report.txt,2024-05-10 14:30:46.676230
req1.js,2024-05-10 14:30:46.677230
retry.png,2024-05-10 14:30:46.678230
ret_tax.py,2024-05-10 14:30:46.678230
rotate.py,2024-05-10 14:30:46.680230
rum.py,2024-05-10 14:30:46.681231
rum1.html,2024-05-10 14:30:46.682230
rum2web.py,2024-05-20 15:53:41.536996
rumble.html,2024-05-10 14:30:46.683231
rumble.py,2024-05-10 14:30:46.684231
rumble_backup.py,2024-06-12 13:41:42.751527
rumble_codes.py,2024-05-20 16:21:03.728687
rumble_codes.txt,2024-05-20 16:30:07.251726
rumble_codes_backup.txt,2024-05-20 16:25:09.425153
rumble_embeds.py,2024-06-08 10:47:14.259654
rumble_gen.py,2024-06-12 14:32:33.650302
rumble_gen2.py,2024-06-12 14:54:04.871407
rumble_gen3.py,2024-06-13 15:21:11.103121
rumble_gen_iframe.py,2024-05-20 17:18:52.249919
rumble_get_codes.py,2024-05-20 16:40:09.069386
rumble_get_rumble_codes.py,2024-05-20 16:05:53.686116
rumble_iframes.txt,2024-05-20 17:18:54.707165
rumble_iframe_htmls.txt,2024-05-20 15:53:45.667725
rumble_upload_button.png,2024-05-10 14:30:46.685231
run.html,2024-05-10 14:30:46.686231
run.js,2024-05-10 14:30:46.687231
run.py,2024-05-10 14:30:46.688231
run3.py,2024-05-10 14:30:46.689231
run_gui.py,2024-05-10 14:30:46.690231
run_gui2.py,2024-05-10 14:30:46.690231
run_server - Copy.py,2024-05-10 14:30:46.692231
run_server.py,2024-05-10 14:30:46.693231
save - Copy.py,2024-05-10 14:30:46.694231
save-old.js,2024-05-10 14:30:46.695231
save.js,2024-05-10 14:30:46.696231
save.py,2024-05-20 17:48:48.464450
save2.js,2024-05-10 14:30:46.698231
save2.py,2024-05-10 14:30:46.698231
save3.js,2024-05-10 14:30:46.700232
sbc.txt,2024-05-10 14:30:46.700232
scene.py,2024-08-02 18:34:08.815774
scr.py,2024-05-10 14:30:46.702232
scroll.py,2024-06-19 11:32:39.842546
scroll2.py,2024-06-19 11:40:32.151389
search.html,2024-05-10 14:30:46.703232
send.png,2024-05-10 14:30:46.704232
send2.png,2024-05-10 14:30:46.705232
send3.png,2024-05-10 14:30:46.706232
send4-win8.1.png,2024-05-10 14:30:46.706232
send4.png,2024-05-10 14:30:46.707232
ser.js,2024-05-10 14:30:46.708232
ser.py,2024-05-10 14:30:46.709232
ser2.py,2024-05-10 14:30:46.711232
ser3.py,2024-05-10 14:30:46.712232
serenade-harmonica.txt,2024-05-10 14:30:46.713232
serenade.txt,2024-05-10 14:30:46.714232
serv.py,2024-06-09 16:23:12.860917
server-backup.py,2024-05-10 14:30:46.715232
server.html,2024-05-10 14:30:46.716233
server.js,2024-05-10 14:30:46.717232
server.py,2024-05-10 14:30:46.718233
server2 - Copy.py,2024-05-10 14:30:46.719233
server2.js,2024-05-10 14:30:46.722233
server2.py,2024-05-10 14:30:46.723233
server2_function.py,2024-05-10 14:30:46.724233
server3.js,2024-05-10 14:30:46.725233
server3.py,2024-05-10 14:30:46.726233
server4.py,2024-05-10 14:30:46.727233
server5.py,2024-05-10 14:30:46.727233
server6.py,2024-05-10 14:30:46.728233
services.py,2024-06-09 16:22:01.315749
ser_test.py,2024-05-10 14:30:46.729233
shell.py,2024-05-10 14:30:46.731233
shell_function.py,2024-05-10 14:30:46.732233
shell_loaded.py,2024-05-10 14:30:46.733233
shift.py,2024-05-10 14:30:46.734234
shop.py,2024-07-19 19:44:12.394633
shop.txt,2024-07-19 19:38:06.598911
shopping.py,2024-05-10 14:30:46.735234
shopping2.py,2024-05-10 14:30:46.736234
sin.py,2024-05-10 14:30:46.737234
sinatra-harmonica.txt,2024-05-10 14:30:46.738234
sinatra.txt,2024-05-10 14:30:46.740234
sj.py,2024-05-10 14:30:46.741234
social_security.py,2024-05-10 14:30:46.742234
software.html,2024-05-10 14:30:46.743234
sortable_table.html,2024-08-12 13:06:08.780071
sql.py,2024-05-10 18:59:35.528155
startup.lnk,2024-05-10 14:30:46.744234
startup.py,2024-05-10 14:30:46.745234
start_browser.py,2024-05-10 14:30:46.746234
start_edge.py,2024-05-10 14:30:46.747234
start_edge_compiled.py,2024-05-10 14:30:46.748234
state_row.html,2024-06-10 17:28:10.486987
state_row.py,2024-06-10 17:46:51.440641
static,2024-04-22 19:21:18.868730
steal.html,2024-05-10 14:30:46.749234
sto.html,2024-05-10 14:30:46.750234
stock - old.py,2024-05-10 14:30:46.751235
stock.html,2024-05-10 14:30:46.753235
stock.py,2024-05-10 14:30:46.754235
stock2.html,2024-08-05 13:40:55.939840
stock2.py,2024-05-10 14:30:46.755235
stock3.html,2024-08-05 13:41:35.477459
stock3.py,2024-05-10 14:30:46.756235
stock4.py,2024-05-10 14:30:46.756235
stock5-pyc.pyc,2024-05-10 14:30:46.757235
stock5.py,2024-05-10 14:30:46.758235
stock6.py,2024-05-10 14:30:46.759235
stock_events.py,2024-05-10 14:30:46.760235
stock_his.py,2024-05-10 14:30:46.762235
stock_his2.py,2024-05-10 14:30:46.763235
stock_new.html,2024-08-08 12:45:00.816319
stock_new.py,2024-08-08 17:04:54.701313
stock_new2.html,2024-08-08 11:29:08.868461
stock_new2.py,2024-08-08 11:28:43.508595
stock_with_gui - Copy - Copy.py,2024-05-10 14:30:46.764235
stock_with_gui - Copy.py,2024-05-10 14:30:46.765235
stock_with_gui.py,2024-05-10 14:30:46.766235
stu.py,2024-05-10 14:30:46.767236
sublime.lnk,2024-05-10 14:30:46.768235
swi - Copy - Copy.py,2024-05-10 14:30:46.769236
swi - Copy.py,2024-05-10 14:30:46.771236
swi.py,2024-05-10 14:30:46.772236
swi2.py,2024-05-10 14:30:46.773236
swift1-harmonica.txt,2024-05-10 14:30:46.774236
swift1.txt,2024-05-10 14:30:46.775236
switch.py,2024-05-10 14:30:46.776236
take-harmonica.txt,2024-05-10 14:30:46.777236
take.txt,2024-05-10 14:30:46.778236
take2-harmonica.txt,2024-05-10 14:30:46.779236
take2.txt,2024-05-10 14:30:46.780236
tax.py,2024-05-10 14:30:46.781236
tax4.py,2024-05-10 14:30:46.783236
tax_old.py,2024-05-10 14:30:46.784236
template.html,2024-05-10 14:30:46.784236
tennis.py,2024-05-28 17:31:29.174611
tennis.txt,2024-05-28 17:53:59.506191
tes - stock.py,2024-05-10 14:30:46.785236
tes.js,2024-05-10 14:30:46.786237
tes.py,2024-05-10 14:30:46.787236
tes.txt,2024-05-10 14:30:46.788237
tes2 - Copy.py,2024-05-10 14:30:46.789237
tes2.js,2024-05-10 14:30:46.790237
tes2.py,2024-05-10 14:30:46.792237
tes3.js,2024-05-10 14:30:46.793237
tes3.py,2024-05-27 18:19:54.395755
tes4.py,2024-05-10 14:30:46.794237
test.html,2024-05-16 18:00:23.930701
test.js,2024-08-12 18:37:11.277155
test.py,2024-08-08 18:34:06.153060
test.txt,2024-05-20 15:34:52.947442
test2.html,2024-08-12 12:36:33.046369
test2.js,2024-05-10 14:30:46.797237
test2.py,2024-08-12 13:06:56.504019
test3.html,2024-06-10 16:47:55.223378
test3.py,2024-08-08 18:35:55.326392
test4.html,2024-05-21 06:53:15.958151
test5.html,2024-06-10 19:14:41.093865
tes_old.py,2024-05-10 14:30:46.798237
text_to_audio.py,2024-05-10 14:30:46.799237
text_to_speech.py,2024-05-10 14:30:46.800237
thoven1.txt,2024-05-10 14:30:46.801237
Thumbs.db,2024-06-19 15:34:50.230000
title.png,2024-05-10 14:30:46.804238
tki.py,2024-05-10 14:30:46.805238
tki.txt,2024-05-10 14:30:46.806238
tki2.py,2024-05-10 14:30:46.807238
tls.py,2024-05-10 14:30:46.808238
top_gun-harmonica.txt,2024-05-10 14:30:46.809238
top_gun.txt,2024-05-10 14:30:46.810238
top_gun2.txt,2024-05-10 14:30:46.811238
to_html.txt,2024-05-10 14:30:46.813238
twitter.py,2024-05-10 14:30:46.814238
twitter.txt,2024-05-10 14:30:46.815238
twitter_embeds.py,2024-06-07 16:06:31.785093
twitter_upload_button.png,2024-05-10 14:30:46.816238
txt.js,2024-05-10 14:30:46.817238
unin.py,2024-06-09 15:58:15.568784
upload.py,2024-05-10 14:30:46.818238
url.py,2024-05-10 14:30:46.818238
used-old.py,2024-05-10 14:30:46.820238
used2.py,2024-05-10 14:30:46.821239
used3.py,2024-05-10 14:30:46.822238
util - Copy.js,2024-05-10 14:30:46.824239
util.html,2024-05-10 14:30:46.823239
util.js,2024-08-12 18:52:40.744772
util.py,2024-08-12 13:11:40.007165
violin.py,2024-05-10 14:30:46.826239
voice.py,2024-05-10 14:30:46.827239
volume.py,2024-05-10 14:30:46.828239
vote.py,2024-05-10 14:30:46.829239
walmart.py,2024-05-10 14:30:46.830239
web.py,2024-05-10 14:30:46.831239
what.png,2024-05-10 14:30:46.833239
wifi.py,2024-05-10 14:30:46.833239
wifi2.py,2024-05-10 14:30:46.834239
wifi3.py,2024-05-10 14:30:46.835239
win8_key.txt,2024-05-10 14:30:46.836239
windows.txt,2024-05-10 14:30:46.837240
y2mate_1.py,2024-05-10 14:30:46.838239
y2mate_2.py,2024-05-10 14:30:46.839240
yankee-harmonica.txt,2024-05-10 14:30:46.841240
yankee.txt,2024-05-10 14:30:46.843240
youtube_mp3.html,2024-05-10 14:30:46.843240
youtube_mp3.py,2024-05-10 14:30:46.844240
y_finance.py,2024-05-10 14:30:46.846240
__pycache__,2024-08-08 13:20:32.870428
